embedder,recT,recF,prec
AE1BERTtuned,0.6311074918566775,0.8490566037735849,0.7529743775511649
