embedder,recT,recF,prec
-,0.33713355048859933,0.9025157232704403,0.6773169779717987
