embedder,recT,recF,prec
AE1BERTtuned,0.6408794788273615,0.845125786163522,0.754449825171075
