embedder,recT,recF,prec
AE1BERTtuned,0.9295238095238095,0.9448669201520913,0.9373093835800028
