embedder,recT,recF,prec
AE1BERTtuned,0.7451403887688985,0.8077753779697624,0.7775467386010266
