embedder,recT,recF,prec
-,0.755939524838013,0.7732181425485961,0.7646578474603953
