embedder,recT,recF,prec
-,0.6171548117154811,0.731404958677686,0.6766677620768977
