embedder,recT,recF,prec
-,0.9085714285714286,0.9163498098859315,0.9124904936080831
