embedder,recT,recF,prec
AE1BERTtuned,0.6911447084233261,0.6889848812095032,0.6900656814449918
