embedder,recT,recF,prec
AE1BERTtuned,0.878095238095238,0.7623574144486692,0.8245275055965356
